{"blocks":["ARYABHATTA","BHASKARA","MAITREYI","GARGI","SARABHAI","CHARAKA","SUSRUTA","KAUTILYA","VYASA","BRAHMAGUPTA","VARAHAMIHIRA","RAMANUJA","RAMANUJAN","RAMAN","KALAM","BHABHA","VISWESWARAYA","KAPILA"],"eventNames":["SPORTS","CULTY","TECHY"],"scores":{"1":[114.49220235831115,90.3385317611259,65.32902244199315,125.23773297831875,104.60251046025104,229.54780807732138,76.97618225750777,52.81325509147394,105.97169485674836,103.90058681394547,139.282015878495,115.80945806006213,25.888850535036244,26.924404556437693,25.888850535036244,25.025888850535036,45.90956161546427,45.90956161546427],"2":[46.070903447149156,39.20927952948865,32.51102760986767,82.66623100800523,81.685999019768,48.35811141970267,53.09589936284921,19.76801176278386,13.233131841202418,24.99591570004901,40.18951151772586,81.685999019768,81.685999019768,81.685999019768,81.685999019768,81.685999019768,28.099983662800195,28.099983662800195],"3":[5.210142410559222,11.462313303230289,7.641542202153525,36.12365404654394,85.44633553317124,73.63667940257034,22.57728377908996,88.22507815213616,29.871483153872873,72.59465092045849,46.54393886766238,85.44633553317124,85.44633553317124,85.44633553317124,85.44633553317124,85.44633553317124,7.98888502952414,7.98888502952414]}}