{"blocks":["ARYABHATTA","BHASKARA","MAITREYI","GARGI","CHARAKA","SUSRUTA","KAUTILYA","VYASA","BRAHMAGUPTA","VARAHAMIHIRA","RAMANUJA","KAPILA"],"eventNames":["SPORTS","CULTY","TECHY"],"scores":{"1":[144.78114478114477,114.23761423761424,82.61183261183261,158.36940836940838,263.784212614042,88.45696152320508,60.690202300674336,121.77707259024197,119.3970646568822,160.05553351844506,133.08211027370092,52.75684252280841],"2":[90.35565523870554,76.8984299903877,63.7616148670298,162.12752322973407,94.84139698814482,104.13329061198334,38.7696251201538,25.953220121755848,49.022749118872156,78.82089074014739,160.20506247997437,55.110541493111185],"3":[10.691375623663578,23.521026372059872,15.680684248039915,74.12687099073415,151.10477548111191,46.32929436920884,181.04062722736992,61.29722024233785,148.96650035637919,95.5096222380613,175.33856022808268,16.39344262295082]}}