{"blocks":["ARYABHATTA","BHASKARA","MAITREYI","GARGI","CHARAKA","SUSRUTA","KAUTILYA","VYASA","BRAHMAGUPTA","VARAHAMIHIRA","RAMANUJA","KAPILA"],"eventNames":["SPORTS","CULTY","TECHY"],"scores":{"1":[114.49220235831115,90.3385317611259,65.32902244199315,125.23773297831875,229.54780807732138,76.97618225750777,52.81325509147394,105.97169485674836,103.90058681394547,139.282015878495,115.80945806006213,45.90956161546427],"2":[46.070903447149156,39.20927952948865,32.51102760986767,82.66623100800523,48.35811141970267,53.09589936284921,19.76801176278386,13.233131841202418,24.99591570004901,40.18951151772586,81.685999019768,28.099983662800195],"3":[10.691375623663578,23.521026372059872,15.680684248039915,74.12687099073415,151.10477548111191,46.32929436920884,181.04062722736992,61.29722024233785,148.96650035637919,95.5096222380613,175.33856022808268,16.39344262295082]}}